,mean,median,min,max,std,5th_percentile,95th_percentile,missing_values
Age,24.312599908574136,22.77789,14.0,61.0,6.345968273732234,17.8914285,38.09807,0
Height,1.7016773533870204,1.700499,1.45,1.98,0.09330481986792007,1.5482905,1.85,0
Weight,86.58605812648035,83.0,39.0,173.0,26.1911717452047,48.5,131.9161515,0
FCVC,2.4190430615821885,2.385502,1.0,3.0,0.5339265785033002,1.5232145,3.0,0
NCP,2.6856280497394596,3.0,1.0,4.0,0.7780386488418612,1.0,3.7508809999999997,0
CH2O,2.0080114040738986,2.0,1.0,3.0,0.6129534517968722,1.0,3.0,0
FAF,1.0102976958787304,1.0,0.0,3.0,0.850592430836698,0.0,2.677133,0
TUE,0.657865923732828,0.62535,0.0,2.0,0.6089272596763782,0.0,2.0,0
