Model,Accuracy,F1(macro)
Logistic Regression,0.8747044917257684,0.8693738663436014
Decision Tree,0.9314420803782506,0.9300149103787175
SVM,0.9314420803782506,0.9295077087624782
